amount,time,transaction_type,device,location,merchant,card_type,customer_age,num_prev_transactions,is_fraud
15895,4,online,laptop,india,flipkart,credit,62,25,0
960,5,online,mobile,india,amazon,debit,23,45,0
38258,19,offline,laptop,foreign,walmart,debit,52,13,0
44832,1,online,laptop,india,amazon,debit,63,44,0
11384,23,offline,mobile,foreign,amazon,debit,31,43,0
6365,12,offline,laptop,india,walmart,credit,64,23,0
16950,5,offline,laptop,india,local_shop,credit,25,40,0
37294,4,offline,laptop,india,amazon,debit,32,0,0
22062,0,online,mobile,india,amazon,debit,44,42,0
47291,20,offline,mobile,india,flipkart,debit,30,21,0
44231,21,online,laptop,foreign,local_shop,credit,66,22,1
16123,20,offline,mobile,foreign,amazon,debit,48,18,0
41190,5,offline,laptop,foreign,flipkart,debit,52,17,0
1785,5,online,laptop,foreign,local_shop,credit,23,11,0
869,22,online,laptop,foreign,walmart,credit,22,27,0
2533,15,online,laptop,foreign,walmart,debit,39,27,0
5411,3,offline,laptop,india,flipkart,credit,66,32,0
37919,10,offline,mobile,india,walmart,debit,40,18,0
39288,23,online,laptop,foreign,amazon,credit,42,27,1
17668,22,online,mobile,foreign,local_shop,debit,51,48,0
19869,8,online,mobile,india,amazon,debit,43,36,0
28793,22,online,laptop,india,amazon,debit,64,25,0
6496,2,offline,laptop,india,walmart,debit,22,34,0
27580,18,online,mobile,foreign,amazon,credit,43,33,1
41534,7,online,mobile,foreign,walmart,credit,37,34,1
25758,4,online,mobile,foreign,local_shop,credit,23,39,1
19042,3,online,laptop,india,local_shop,credit,23,15,0
18531,23,offline,mobile,india,amazon,debit,67,37,0
2847,5,online,laptop,foreign,flipkart,debit,35,12,0
289,1,offline,laptop,foreign,walmart,credit,21,22,0
19218,19,online,laptop,india,walmart,credit,34,21,0
35873,10,online,mobile,india,amazon,credit,31,15,0
1999,3,offline,laptop,india,walmart,credit,31,27,0
1367,14,online,laptop,india,walmart,credit,30,47,0
31651,5,offline,laptop,foreign,flipkart,debit,24,34,0
11494,21,offline,laptop,india,flipkart,debit,61,44,0
3656,16,online,laptop,india,amazon,debit,32,45,0
3990,23,offline,mobile,india,flipkart,credit,36,7,0
41706,5,offline,laptop,foreign,amazon,credit,60,43,0
30840,18,offline,laptop,foreign,local_shop,credit,64,21,0
14602,1,offline,mobile,india,amazon,credit,61,20,0
21877,14,offline,laptop,india,local_shop,debit,52,25,0
10727,10,offline,mobile,india,amazon,debit,34,39,0
8892,7,offline,laptop,foreign,walmart,credit,52,20,0
43423,18,offline,mobile,foreign,flipkart,debit,36,24,0
43121,12,online,mobile,foreign,local_shop,debit,37,40,1
8533,11,online,laptop,india,amazon,credit,53,0,0
43101,4,offline,laptop,foreign,flipkart,credit,52,5,0
11116,5,online,laptop,india,amazon,credit,49,22,0
23997,21,offline,mobile,india,flipkart,credit,65,22,0
2712,3,offline,mobile,india,flipkart,credit,61,42,0
23583,18,online,mobile,foreign,amazon,credit,57,42,1
48655,19,offline,laptop,india,local_shop,debit,41,22,0
17259,0,offline,mobile,foreign,local_shop,debit,34,31,0
45074,19,offline,mobile,foreign,walmart,credit,24,29,0
41094,16,offline,laptop,india,flipkart,debit,60,12,0
14641,11,online,mobile,india,walmart,credit,67,42,0
36020,14,offline,mobile,foreign,walmart,credit,18,17,0
26631,0,offline,laptop,india,amazon,credit,52,22,0
1685,13,offline,mobile,foreign,amazon,credit,49,14,0
4043,5,online,laptop,india,amazon,debit,53,32,0
24039,4,offline,laptop,foreign,flipkart,credit,30,20,0
19557,10,online,laptop,foreign,amazon,debit,23,38,0
1121,3,online,laptop,foreign,amazon,credit,31,22,0
11753,12,offline,laptop,foreign,flipkart,credit,54,26,0
43673,10,offline,mobile,india,flipkart,credit,65,44,0
13517,2,online,mobile,india,local_shop,debit,32,43,0
40857,0,offline,laptop,foreign,amazon,credit,64,17,0
9792,5,online,laptop,foreign,amazon,credit,21,23,0
45858,17,online,mobile,india,amazon,credit,57,46,0
6973,23,offline,laptop,india,local_shop,debit,33,39,0
5775,9,offline,laptop,india,amazon,debit,45,41,0
261,4,online,laptop,india,local_shop,debit,33,6,0
37165,22,online,mobile,india,walmart,credit,21,49,0
26657,9,online,mobile,india,local_shop,debit,62,47,0
33863,11,online,laptop,foreign,walmart,credit,43,19,1
32706,1,offline,laptop,india,amazon,debit,45,26,0
11634,12,offline,mobile,india,walmart,debit,49,5,0
29227,7,offline,mobile,foreign,local_shop,credit,62,26,0
40497,1,offline,laptop,india,flipkart,debit,19,8,0
25951,19,offline,laptop,india,walmart,credit,48,44,0
1116,0,online,mobile,india,walmart,credit,20,30,0
24353,4,offline,mobile,india,amazon,debit,25,20,0
24376,8,offline,mobile,india,local_shop,credit,41,25,0
23347,16,offline,laptop,foreign,walmart,credit,32,39,0
24400,8,offline,mobile,india,walmart,debit,60,47,0
8629,10,offline,laptop,foreign,walmart,debit,48,44,0
17362,14,online,mobile,foreign,walmart,credit,26,12,0
9368,23,online,mobile,india,flipkart,debit,56,48,0
21371,5,online,mobile,foreign,local_shop,credit,62,22,1
12285,22,offline,mobile,india,amazon,credit,19,19,0
21343,2,online,laptop,foreign,amazon,debit,25,36,1
39199,16,online,laptop,foreign,flipkart,debit,24,27,1
8671,4,offline,mobile,india,local_shop,debit,61,16,0
40076,11,offline,laptop,india,walmart,debit,68,27,0
38144,17,offline,mobile,india,flipkart,credit,56,40,0
49316,13,online,mobile,india,local_shop,credit,59,1,0
49084,20,online,mobile,india,walmart,debit,33,24,0
40874,23,offline,mobile,foreign,flipkart,debit,52,49,0
2668,10,offline,laptop,foreign,local_shop,credit,47,40,0
2127,8,online,mobile,foreign,amazon,credit,27,5,0
2795,1,online,mobile,foreign,amazon,credit,55,10,0
48290,11,offline,laptop,foreign,local_shop,credit,35,37,0
5358,2,offline,mobile,foreign,amazon,debit,67,5,0
22102,2,online,mobile,foreign,local_shop,credit,22,44,1
39604,0,offline,mobile,india,walmart,credit,46,10,0
33259,7,online,laptop,india,local_shop,debit,56,13,0
14086,21,online,mobile,foreign,walmart,credit,51,1,0
12766,7,online,laptop,foreign,flipkart,credit,60,39,0
38760,10,online,mobile,india,local_shop,debit,62,2,0
3661,8,offline,mobile,india,flipkart,debit,40,34,0
26954,4,offline,laptop,india,amazon,debit,22,32,0
39052,13,online,mobile,india,walmart,credit,47,23,0
22762,2,online,mobile,foreign,local_shop,credit,23,18,1
8492,20,online,laptop,india,flipkart,debit,63,17,0
30635,4,online,laptop,foreign,walmart,debit,61,48,1
13167,4,online,laptop,foreign,walmart,credit,21,23,0
48133,18,offline,laptop,foreign,amazon,debit,46,44,0
23699,13,offline,laptop,india,amazon,debit,40,34,0
35322,3,offline,mobile,india,walmart,debit,23,0,0
11937,12,offline,laptop,foreign,walmart,credit,49,35,0
14139,9,online,mobile,foreign,local_shop,credit,59,24,0
30918,17,online,mobile,foreign,walmart,credit,35,44,1
19215,7,online,mobile,india,local_shop,credit,32,48,0
11065,7,online,laptop,foreign,walmart,credit,57,42,0
24638,6,online,laptop,india,amazon,credit,49,33,0
42630,7,offline,mobile,foreign,local_shop,debit,26,24,0
5156,13,online,laptop,foreign,flipkart,credit,54,15,0
32582,18,offline,laptop,foreign,amazon,credit,27,33,0
47816,5,offline,laptop,india,local_shop,debit,37,28,0
8210,0,offline,laptop,india,local_shop,credit,23,18,0
13873,22,offline,mobile,foreign,flipkart,credit,65,22,0
27366,14,online,mobile,india,local_shop,debit,20,18,0
17512,0,offline,laptop,foreign,walmart,debit,59,24,0
33370,16,offline,mobile,india,flipkart,debit,28,15,0
7010,0,offline,laptop,india,amazon,credit,60,8,0
45553,14,online,laptop,india,amazon,debit,34,0,0
25546,22,online,mobile,foreign,walmart,credit,49,41,1
306,1,online,mobile,india,amazon,credit,21,18,0
21618,13,offline,mobile,india,local_shop,credit,21,32,0
22461,20,offline,laptop,foreign,local_shop,credit,34,33,0
23519,7,online,mobile,foreign,walmart,debit,58,15,1
48802,7,offline,laptop,foreign,amazon,debit,36,43,0
41623,18,online,mobile,foreign,amazon,credit,22,39,1
45251,6,online,mobile,india,walmart,debit,49,17,0
22503,18,offline,laptop,india,flipkart,credit,39,33,0
18241,5,offline,laptop,india,amazon,credit,23,24,0
14920,5,offline,laptop,india,flipkart,credit,52,44,0
40442,2,offline,laptop,india,amazon,debit,39,5,0
6474,6,online,laptop,foreign,amazon,credit,18,20,0
1778,18,online,laptop,india,amazon,credit,37,5,0
33927,7,online,laptop,india,amazon,debit,39,31,0
16298,9,online,laptop,india,local_shop,debit,65,40,0
10014,19,online,mobile,foreign,flipkart,debit,28,47,0
27990,14,offline,laptop,foreign,flipkart,debit,30,42,0
22399,14,online,laptop,india,amazon,credit,59,38,0
43685,0,online,mobile,foreign,amazon,debit,20,30,1
43789,19,online,laptop,foreign,flipkart,credit,26,41,1
42657,6,offline,mobile,foreign,local_shop,debit,29,9,0
49180,3,offline,mobile,foreign,walmart,debit,40,29,0
44120,5,offline,laptop,foreign,walmart,debit,31,17,0
2793,0,offline,mobile,foreign,flipkart,debit,50,23,0
29567,4,online,laptop,foreign,amazon,debit,35,8,1
29823,22,online,mobile,india,amazon,debit,66,30,0
46799,0,offline,mobile,india,local_shop,credit,58,14,0
3727,3,offline,mobile,foreign,walmart,debit,26,3,0
26039,21,online,laptop,india,local_shop,debit,40,39,0
49025,1,online,laptop,india,walmart,debit,27,8,0
43041,9,offline,mobile,foreign,flipkart,debit,36,44,0
21934,4,offline,mobile,india,walmart,credit,64,8,0
18147,9,offline,laptop,foreign,local_shop,debit,22,25,0
26205,0,offline,laptop,foreign,local_shop,debit,64,3,0
10330,21,online,mobile,foreign,local_shop,debit,69,16,0
15807,5,online,mobile,india,flipkart,debit,40,15,0
22076,12,online,laptop,india,walmart,credit,47,14,0
44362,14,offline,laptop,india,walmart,debit,42,34,0
23876,3,offline,laptop,india,local_shop,credit,45,4,0
30180,12,online,laptop,foreign,walmart,debit,51,4,1
1406,23,online,laptop,foreign,amazon,credit,62,19,0
6876,19,online,mobile,india,amazon,credit,65,14,0
27351,23,online,laptop,foreign,amazon,debit,64,17,1
9574,14,offline,mobile,foreign,walmart,debit,42,46,0
40394,7,online,laptop,india,flipkart,credit,27,1,0
22059,4,online,mobile,foreign,flipkart,credit,31,28,1
5630,14,online,laptop,india,flipkart,debit,59,12,0
29420,3,online,laptop,foreign,flipkart,credit,63,3,1
3848,11,online,mobile,india,amazon,credit,47,41,0
32068,12,online,mobile,foreign,amazon,credit,58,44,1
32662,1,online,laptop,foreign,local_shop,debit,42,9,1
13645,18,offline,laptop,india,walmart,credit,31,30,0
763,18,offline,laptop,india,walmart,credit,52,40,0
34866,3,offline,laptop,india,flipkart,credit,69,7,0
8094,3,offline,laptop,india,amazon,debit,65,2,0
28121,10,online,mobile,foreign,flipkart,debit,51,47,1
30403,4,offline,mobile,foreign,local_shop,credit,27,45,0
3404,19,offline,laptop,india,walmart,debit,52,8,0
46676,10,online,mobile,foreign,walmart,credit,28,29,1
39453,9,online,mobile,india,flipkart,debit,28,10,0
17775,7,offline,mobile,india,local_shop,debit,38,34,0
44517,5,offline,laptop,foreign,walmart,credit,38,36,0
24038,5,online,mobile,foreign,local_shop,debit,39,41,1
23764,7,offline,laptop,india,local_shop,debit,62,12,0
1736,22,online,mobile,india,flipkart,debit,24,35,0
20180,14,online,laptop,india,amazon,credit,34,12,0
27828,13,online,mobile,foreign,flipkart,debit,19,11,1
49950,10,online,laptop,foreign,amazon,debit,29,36,1
26836,11,offline,laptop,foreign,local_shop,credit,59,9,0
28773,12,online,mobile,foreign,amazon,debit,35,8,1
37605,7,online,laptop,india,local_shop,debit,28,6,0
47423,17,offline,laptop,india,walmart,debit,33,1,0
46745,0,online,laptop,india,walmart,debit,66,22,0
954,14,offline,laptop,india,walmart,debit,68,38,0
24648,7,offline,laptop,india,flipkart,credit,35,39,0
38723,10,offline,laptop,india,flipkart,credit,52,38,0
7492,11,online,laptop,foreign,local_shop,debit,43,20,0
46817,11,offline,laptop,foreign,walmart,debit,33,22,0
21656,3,offline,mobile,india,flipkart,debit,23,28,0
38659,15,online,mobile,india,walmart,credit,61,13,0
26409,3,offline,laptop,foreign,flipkart,credit,60,25,0
22019,4,offline,laptop,foreign,amazon,debit,64,4,0
5031,23,offline,mobile,foreign,amazon,debit,64,30,0
33070,4,offline,mobile,foreign,walmart,credit,65,24,0
44315,7,offline,mobile,india,local_shop,debit,59,30,0
12788,9,online,laptop,india,flipkart,credit,29,49,0
25442,16,offline,mobile,india,flipkart,credit,30,19,0
37257,8,offline,laptop,india,amazon,debit,21,43,0
2427,21,online,laptop,india,amazon,credit,56,16,0
40872,18,online,mobile,foreign,local_shop,debit,19,44,1
40645,13,online,laptop,india,local_shop,debit,43,1,0
297,7,offline,laptop,foreign,local_shop,debit,44,24,0
23609,8,online,laptop,india,walmart,debit,44,12,0
34798,21,offline,laptop,india,amazon,debit,32,38,0
44642,10,offline,mobile,india,walmart,debit,25,27,0
15187,22,online,mobile,india,amazon,credit,24,41,0
22771,0,online,laptop,india,amazon,credit,64,5,0
25284,13,offline,laptop,foreign,flipkart,credit,63,2,0
27948,4,online,mobile,foreign,amazon,credit,57,34,1
42207,20,offline,laptop,foreign,amazon,debit,29,17,0
20766,13,online,mobile,india,walmart,credit,30,10,0
44457,3,online,laptop,india,amazon,credit,60,19,0
15808,21,online,laptop,foreign,walmart,credit,34,4,0
26470,22,offline,mobile,india,local_shop,debit,34,18,0
49911,0,online,mobile,india,amazon,credit,53,21,0
2911,21,offline,mobile,foreign,amazon,debit,38,18,0
47111,22,offline,mobile,india,walmart,credit,25,46,0
6646,18,offline,laptop,foreign,local_shop,debit,22,15,0
34854,7,offline,mobile,india,flipkart,debit,43,23,0
30306,14,online,laptop,foreign,local_shop,credit,33,40,1
41206,20,offline,mobile,india,walmart,debit,53,3,0
11511,14,offline,mobile,india,local_shop,debit,45,14,0
3011,8,online,laptop,foreign,walmart,credit,46,24,0
1834,20,offline,mobile,india,walmart,credit,64,43,0
18327,8,online,mobile,india,flipkart,credit,29,34,0
8780,9,offline,mobile,foreign,amazon,debit,54,13,0
19460,19,online,mobile,india,walmart,debit,47,48,0
18443,20,offline,laptop,foreign,walmart,debit,40,18,0
5859,8,online,laptop,india,flipkart,credit,33,37,0
23178,2,offline,mobile,india,walmart,debit,31,35,0
35253,19,offline,mobile,india,amazon,debit,27,6,0
11211,10,online,mobile,india,flipkart,debit,24,29,0
37604,5,online,laptop,foreign,amazon,debit,62,18,1
1902,1,online,laptop,india,amazon,debit,69,48,0
8255,6,online,laptop,foreign,flipkart,debit,54,24,0
8220,17,offline,laptop,india,walmart,debit,46,15,0
39484,1,offline,mobile,india,amazon,credit,20,46,0
47125,16,online,mobile,india,amazon,credit,32,39,0
47354,10,offline,mobile,india,amazon,credit,53,7,0
22018,11,online,laptop,foreign,amazon,debit,64,17,1
20545,18,online,mobile,foreign,flipkart,debit,63,27,1
30406,21,offline,laptop,foreign,flipkart,credit,69,15,0
16746,23,offline,laptop,foreign,local_shop,debit,36,18,0
46943,6,offline,mobile,india,local_shop,credit,30,41,0
31165,19,offline,mobile,foreign,amazon,debit,59,16,0
25299,5,offline,mobile,foreign,walmart,debit,38,44,0
42076,20,offline,laptop,india,amazon,credit,54,12,0
16471,23,offline,laptop,india,walmart,credit,44,6,0
11935,0,online,mobile,india,amazon,credit,69,26,0
46036,16,online,mobile,india,local_shop,credit,46,9,0
2149,10,online,laptop,foreign,local_shop,credit,37,33,0
31716,21,online,mobile,foreign,walmart,debit,42,35,1
38291,17,online,laptop,india,amazon,debit,23,24,0
47457,20,offline,laptop,india,walmart,debit,53,5,0
21032,16,online,mobile,india,local_shop,credit,19,23,0
29955,6,online,mobile,foreign,amazon,credit,39,17,1
7258,16,online,mobile,foreign,amazon,credit,49,22,0
43116,19,online,mobile,india,walmart,credit,33,5,0
7500,8,online,laptop,india,flipkart,credit,35,28,0
42742,16,online,laptop,foreign,walmart,credit,22,24,1
15251,19,online,laptop,india,local_shop,debit,53,16,0
1254,21,offline,mobile,india,local_shop,debit,47,45,0
4599,21,offline,laptop,foreign,local_shop,debit,62,23,0
6395,7,online,mobile,india,local_shop,debit,36,10,0
12283,16,offline,mobile,foreign,local_shop,debit,40,25,0
29399,6,offline,mobile,india,flipkart,credit,51,33,0
12974,0,offline,mobile,india,amazon,credit,30,27,0
32811,12,offline,mobile,foreign,walmart,credit,60,2,0
5639,22,online,mobile,foreign,walmart,credit,46,10,0
42505,18,offline,laptop,india,local_shop,credit,53,37,0
48454,23,offline,mobile,foreign,walmart,credit,39,13,0
2657,18,offline,laptop,india,local_shop,debit,69,25,0
38460,16,online,laptop,india,flipkart,credit,69,47,0
16582,12,online,mobile,foreign,flipkart,credit,64,20,0
2300,15,online,mobile,india,amazon,credit,53,38,0
47040,7,online,mobile,india,flipkart,credit,26,29,0
3061,18,online,laptop,foreign,flipkart,debit,56,7,0
47075,17,online,mobile,foreign,amazon,debit,68,19,1
21457,0,online,laptop,india,walmart,credit,36,47,0
12069,13,offline,mobile,foreign,local_shop,debit,55,31,0
2969,18,offline,mobile,foreign,local_shop,debit,23,21,0
46860,14,offline,laptop,foreign,walmart,credit,69,6,0
28743,17,online,laptop,foreign,amazon,credit,64,8,1
24836,1,online,mobile,india,walmart,credit,32,44,0
38567,21,online,laptop,india,flipkart,credit,37,0,0
23428,16,online,laptop,india,amazon,credit,26,28,0
25976,17,online,laptop,foreign,amazon,debit,49,7,1
21395,5,offline,laptop,foreign,amazon,credit,21,3,0
4087,18,offline,laptop,foreign,local_shop,credit,67,34,0
22499,3,online,mobile,foreign,walmart,credit,35,2,1
46314,0,online,mobile,foreign,amazon,debit,22,44,1
34086,7,online,laptop,foreign,amazon,credit,37,39,1
20980,22,online,mobile,foreign,amazon,credit,40,6,1
4835,6,offline,mobile,india,walmart,credit,28,26,0
44164,2,online,laptop,india,local_shop,debit,54,0,0
4655,9,online,mobile,foreign,flipkart,credit,39,26,0
42014,9,online,laptop,foreign,local_shop,credit,21,15,1
40918,18,online,laptop,foreign,amazon,credit,46,37,1
45625,13,offline,mobile,india,local_shop,debit,61,6,0
19930,1,online,laptop,india,local_shop,credit,51,43,0
17529,0,online,laptop,foreign,flipkart,credit,30,22,0
6993,22,offline,laptop,foreign,walmart,credit,59,40,0
14473,22,offline,laptop,india,walmart,debit,26,10,0
47433,17,offline,laptop,india,local_shop,credit,59,41,0
3536,6,online,mobile,india,local_shop,credit,48,32,0
8854,7,online,mobile,india,walmart,credit,24,49,0
10777,0,offline,laptop,foreign,walmart,debit,21,35,0
5995,22,offline,laptop,india,flipkart,debit,36,36,0
19838,2,offline,mobile,india,amazon,credit,59,40,0
30846,23,offline,laptop,foreign,local_shop,debit,47,16,0
49477,22,offline,mobile,india,walmart,debit,48,34,0
48504,7,offline,laptop,india,local_shop,debit,52,47,0
32452,21,online,laptop,india,local_shop,credit,38,4,0
39890,14,online,laptop,foreign,walmart,credit,48,47,1
42019,4,online,laptop,india,flipkart,debit,36,31,0
5700,2,offline,laptop,foreign,local_shop,debit,48,2,0
29224,18,offline,laptop,foreign,flipkart,debit,49,46,0
27743,0,offline,laptop,india,walmart,credit,19,34,0
40864,14,offline,mobile,india,amazon,credit,69,13,0
9107,7,offline,mobile,india,amazon,debit,27,47,0
45814,1,offline,mobile,india,local_shop,debit,19,30,0
37510,2,online,laptop,foreign,walmart,debit,19,30,1
44180,23,online,laptop,india,flipkart,debit,41,16,0
40547,13,offline,laptop,india,local_shop,credit,34,23,0
8308,23,online,laptop,india,walmart,debit,49,22,0
18689,13,offline,laptop,foreign,walmart,credit,33,17,0
43584,10,online,laptop,india,flipkart,debit,33,49,0
17553,15,offline,laptop,india,local_shop,debit,63,13,0
36312,3,offline,mobile,foreign,walmart,debit,56,49,0
43625,19,online,laptop,foreign,walmart,debit,48,14,1
47302,4,online,mobile,india,walmart,debit,60,14,0
32735,21,offline,mobile,india,flipkart,credit,41,5,0
33928,20,offline,laptop,india,local_shop,debit,18,26,0
18811,13,online,laptop,india,local_shop,debit,28,14,0
3520,22,online,mobile,india,local_shop,debit,38,49,0
31316,15,offline,mobile,foreign,local_shop,credit,21,35,0
401,17,online,laptop,foreign,amazon,credit,24,7,0
45336,6,offline,laptop,india,amazon,credit,43,14,0
49858,9,offline,mobile,india,local_shop,credit,64,2,0
799,6,offline,laptop,foreign,flipkart,debit,67,46,0
290,0,offline,laptop,india,amazon,debit,29,12,0
10592,22,online,laptop,india,walmart,debit,48,40,0
35843,20,online,mobile,india,amazon,credit,34,33,0
6202,18,online,mobile,india,walmart,debit,50,23,0
19878,15,online,mobile,india,local_shop,debit,28,39,0
26741,18,online,laptop,foreign,amazon,credit,45,31,1
34684,3,online,laptop,india,flipkart,credit,49,31,0
32845,17,online,mobile,india,amazon,credit,18,29,0
23193,1,offline,mobile,india,amazon,debit,64,48,0
669,0,online,mobile,foreign,amazon,debit,45,12,0
38310,14,online,laptop,foreign,local_shop,credit,59,0,1
34763,4,offline,mobile,foreign,flipkart,debit,24,33,0
36731,19,online,mobile,foreign,amazon,credit,19,14,1
45781,10,online,laptop,india,flipkart,credit,59,43,0
7555,9,offline,laptop,foreign,local_shop,debit,41,13,0
4114,1,online,laptop,india,walmart,credit,21,28,0
11193,2,online,mobile,india,amazon,credit,61,33,0
18170,22,online,laptop,foreign,flipkart,credit,36,17,0
35877,22,offline,laptop,foreign,flipkart,debit,43,6,0
16638,11,online,mobile,foreign,local_shop,credit,28,28,0
10829,19,online,laptop,foreign,amazon,credit,57,30,0
34277,4,offline,mobile,foreign,walmart,credit,67,24,0
45117,4,online,mobile,india,flipkart,credit,60,37,0
884,5,offline,laptop,foreign,amazon,credit,28,13,0
27851,8,offline,laptop,foreign,walmart,credit,62,7,0
40964,1,online,laptop,foreign,flipkart,credit,20,26,1
40428,20,offline,laptop,india,flipkart,debit,29,1,0
12633,11,offline,laptop,foreign,walmart,debit,20,16,0
40211,2,online,laptop,india,walmart,credit,59,36,0
40074,19,offline,mobile,foreign,local_shop,debit,44,13,0
5901,21,offline,mobile,foreign,amazon,debit,66,24,0
19290,11,online,laptop,india,amazon,credit,19,29,0
49789,23,online,mobile,foreign,local_shop,debit,66,28,1
38854,16,online,laptop,india,flipkart,credit,33,19,0
29692,9,offline,mobile,india,walmart,credit,19,20,0
10747,23,online,mobile,india,walmart,credit,47,21,0
8816,13,offline,mobile,foreign,walmart,credit,37,34,0
23455,22,offline,laptop,foreign,flipkart,credit,55,36,0
22109,16,offline,mobile,foreign,walmart,debit,45,15,0
24476,17,offline,laptop,india,walmart,credit,42,49,0
45191,18,offline,mobile,foreign,local_shop,debit,49,48,0
4880,16,offline,mobile,india,flipkart,credit,27,42,0
2468,13,offline,mobile,foreign,amazon,credit,59,16,0
12139,8,online,mobile,india,local_shop,credit,57,15,0
6755,7,online,mobile,india,local_shop,debit,50,1,0
41041,1,offline,laptop,india,amazon,credit,30,3,0
4595,12,offline,laptop,foreign,local_shop,credit,58,20,0
10993,6,online,mobile,india,flipkart,credit,59,38,0
25647,8,offline,mobile,india,walmart,credit,64,33,0
22486,21,online,mobile,india,flipkart,debit,54,29,0
13503,21,online,mobile,india,amazon,credit,33,5,0
32197,10,online,laptop,india,amazon,debit,62,16,0
13221,13,offline,mobile,india,local_shop,credit,39,38,0
11066,3,offline,laptop,foreign,flipkart,debit,37,24,0
33721,12,online,mobile,foreign,flipkart,debit,67,4,1
28412,1,online,laptop,india,amazon,credit,60,4,0
49826,22,online,mobile,foreign,flipkart,credit,44,19,1
22777,4,online,mobile,foreign,amazon,debit,58,15,1
31389,10,online,laptop,india,flipkart,credit,33,40,0
31124,5,offline,mobile,india,flipkart,credit,51,36,0
42775,17,online,mobile,india,flipkart,credit,49,39,0
4877,20,offline,mobile,foreign,amazon,debit,43,8,0
29849,9,online,laptop,india,local_shop,credit,42,4,0
15438,3,offline,mobile,foreign,flipkart,credit,19,41,0
2591,8,offline,mobile,india,amazon,credit,29,1,0
27336,5,offline,laptop,foreign,amazon,debit,57,8,0
48196,1,offline,laptop,india,flipkart,credit,26,42,0
14699,16,offline,laptop,india,flipkart,debit,29,35,0
19608,4,offline,mobile,foreign,local_shop,credit,43,21,0
3151,5,online,mobile,foreign,amazon,debit,26,21,0
48847,11,offline,mobile,foreign,amazon,credit,27,21,0
49256,22,online,laptop,foreign,walmart,credit,49,33,1
21706,20,offline,mobile,foreign,amazon,debit,51,28,0
21799,9,offline,mobile,foreign,local_shop,debit,65,37,0
976,21,online,laptop,india,walmart,debit,37,45,0
32193,20,offline,laptop,foreign,walmart,credit,56,32,0
4242,5,online,laptop,india,walmart,credit,19,17,0
15302,7,online,laptop,india,flipkart,credit,18,6,0
39834,1,online,laptop,foreign,flipkart,credit,68,0,1
7179,11,online,mobile,india,amazon,debit,53,32,0
8087,12,offline,laptop,foreign,walmart,credit,41,0,0
39667,20,offline,mobile,foreign,local_shop,credit,44,23,0
29040,6,online,mobile,india,flipkart,credit,19,3,0
37333,9,offline,laptop,india,local_shop,credit,48,3,0
17119,12,offline,laptop,foreign,local_shop,credit,31,17,0
46285,16,online,laptop,foreign,flipkart,credit,19,26,1
18177,20,offline,mobile,india,flipkart,credit,46,42,0
26358,13,online,laptop,india,flipkart,debit,32,31,0
21236,1,online,laptop,india,flipkart,credit,29,32,0
8411,21,offline,laptop,india,walmart,credit,54,27,0
17314,10,offline,laptop,foreign,walmart,credit,45,41,0
14198,0,offline,laptop,foreign,walmart,credit,37,40,0
28351,18,online,mobile,foreign,walmart,debit,56,35,1
38045,20,online,mobile,foreign,amazon,debit,41,5,1
47130,3,offline,mobile,india,walmart,debit,38,15,0
26045,18,offline,laptop,india,flipkart,debit,27,33,0
25416,20,offline,laptop,foreign,local_shop,debit,63,22,0
32317,10,offline,laptop,foreign,walmart,debit,31,49,0
8408,7,online,mobile,foreign,amazon,credit,54,41,0
6049,10,offline,laptop,foreign,flipkart,debit,35,23,0
1250,3,online,laptop,foreign,local_shop,debit,41,48,0
24044,16,online,laptop,foreign,local_shop,credit,31,12,1
34799,6,offline,mobile,foreign,walmart,debit,51,17,0
9304,7,offline,laptop,foreign,local_shop,credit,29,12,0
1181,2,offline,mobile,foreign,walmart,credit,39,48,0
29405,21,online,laptop,india,walmart,debit,23,36,0
16996,1,offline,mobile,foreign,flipkart,credit,53,42,0
46275,22,offline,mobile,india,flipkart,debit,62,38,0
7905,14,online,mobile,india,amazon,debit,53,41,0
5337,23,offline,laptop,foreign,flipkart,credit,39,16,0
49811,21,online,laptop,foreign,flipkart,credit,31,14,1
20156,21,offline,mobile,india,walmart,debit,33,17,0
45643,4,online,mobile,india,flipkart,credit,53,22,0
49112,23,offline,laptop,foreign,walmart,credit,42,29,0
46052,0,offline,laptop,india,walmart,debit,49,33,0
3443,3,online,mobile,foreign,flipkart,debit,50,3,0
13600,14,online,laptop,foreign,amazon,credit,62,2,0
29475,19,offline,laptop,foreign,amazon,debit,53,6,0
9762,18,online,laptop,india,local_shop,debit,37,17,0
17064,2,online,laptop,india,local_shop,debit,35,41,0
47993,19,online,mobile,foreign,flipkart,debit,55,6,1
8230,10,online,laptop,india,amazon,debit,20,39,0
19631,16,offline,laptop,india,walmart,debit,40,5,0
1779,12,offline,mobile,india,local_shop,debit,49,21,0
3606,10,online,mobile,india,walmart,credit,62,0,0
13384,1,online,laptop,india,local_shop,debit,33,3,0
7353,8,online,laptop,india,flipkart,credit,22,45,0
19228,1,online,laptop,india,amazon,credit,21,48,0
28032,20,offline,laptop,foreign,local_shop,credit,38,49,0
9535,8,offline,mobile,india,amazon,debit,57,42,0
44178,8,online,mobile,india,walmart,debit,68,28,0
13396,7,online,mobile,india,flipkart,credit,31,20,0
30545,16,online,laptop,india,amazon,debit,56,25,0
13345,0,offline,laptop,india,flipkart,credit,48,13,0
29224,10,online,laptop,india,amazon,debit,31,8,0
29999,7,offline,laptop,india,walmart,debit,23,46,0
44019,9,online,mobile,india,walmart,credit,29,11,0
43325,6,offline,mobile,foreign,flipkart,credit,33,41,0
35347,2,online,laptop,india,walmart,credit,34,5,0
29322,2,offline,mobile,india,local_shop,debit,62,19,0
26311,17,online,laptop,india,amazon,credit,40,23,0
37320,4,online,laptop,india,walmart,debit,31,26,0
26746,11,online,mobile,foreign,local_shop,debit,24,37,1
38749,11,offline,laptop,foreign,flipkart,debit,63,7,0
23149,18,online,laptop,foreign,local_shop,credit,49,0,1
14169,5,offline,mobile,foreign,flipkart,credit,32,48,0
32680,1,offline,laptop,foreign,flipkart,credit,61,48,0
31943,11,online,laptop,foreign,amazon,debit,34,23,1
2949,18,online,mobile,foreign,amazon,debit,58,46,0
40258,4,online,laptop,foreign,local_shop,credit,64,6,1
23389,11,offline,mobile,foreign,amazon,debit,61,18,0
44790,16,online,laptop,foreign,amazon,debit,51,21,1
35357,16,offline,mobile,foreign,amazon,credit,22,34,0
9923,9,offline,mobile,foreign,local_shop,credit,62,29,0
42075,22,online,mobile,foreign,walmart,credit,44,28,1
9640,16,online,laptop,foreign,amazon,debit,69,21,0
16464,14,online,mobile,foreign,amazon,debit,40,10,0
4711,11,online,mobile,foreign,local_shop,debit,57,19,0
27763,15,online,mobile,india,walmart,debit,31,28,0
38746,23,online,mobile,foreign,amazon,debit,32,40,1
31077,18,offline,mobile,india,flipkart,credit,60,41,0
29268,7,offline,laptop,foreign,local_shop,debit,50,33,0
49215,20,offline,laptop,foreign,amazon,debit,48,0,0
25571,16,online,laptop,india,amazon,debit,52,30,0
22787,22,offline,laptop,foreign,flipkart,credit,34,29,0
951,4,offline,laptop,india,flipkart,credit,45,47,0
18171,21,offline,laptop,india,local_shop,credit,36,17,0
6933,15,offline,laptop,india,local_shop,debit,63,16,0
12038,5,offline,mobile,foreign,flipkart,credit,40,37,0
35295,7,online,laptop,foreign,local_shop,credit,49,13,1
26244,17,online,mobile,foreign,flipkart,credit,57,22,1
4100,11,offline,mobile,india,amazon,debit,30,24,0
5152,14,offline,laptop,india,flipkart,credit,37,14,0
35606,8,offline,mobile,foreign,flipkart,debit,52,45,0
28174,12,online,mobile,foreign,walmart,debit,22,21,1
38255,14,online,mobile,foreign,flipkart,credit,26,2,1
40870,9,offline,mobile,foreign,flipkart,debit,46,18,0
32420,15,online,laptop,foreign,walmart,credit,23,43,1
38404,6,online,laptop,india,local_shop,debit,42,33,0
46347,16,offline,laptop,india,walmart,credit,48,34,0
4013,22,online,laptop,india,amazon,credit,39,49,0
17550,20,online,laptop,foreign,walmart,credit,19,0,0
24207,21,offline,laptop,india,amazon,debit,62,20,0
20864,6,online,laptop,india,local_shop,credit,22,28,0
43504,13,online,laptop,india,walmart,debit,44,5,0
20591,14,offline,laptop,india,walmart,credit,42,36,0
38594,20,online,laptop,india,local_shop,debit,25,0,0
3473,6,online,mobile,foreign,amazon,debit,18,0,0
12261,8,offline,laptop,india,walmart,credit,37,26,0
32096,18,offline,mobile,foreign,amazon,credit,61,20,0
27222,15,offline,mobile,foreign,walmart,credit,40,15,0
34950,7,online,mobile,foreign,flipkart,credit,49,43,1
27450,17,offline,mobile,foreign,walmart,credit,28,39,0
27572,22,online,laptop,foreign,local_shop,debit,56,25,1
28861,17,offline,mobile,india,local_shop,credit,64,15,0
25451,19,online,laptop,india,amazon,credit,41,27,0
23232,6,offline,laptop,foreign,walmart,debit,28,0,0
49149,2,offline,mobile,foreign,amazon,credit,46,35,0
15405,17,offline,laptop,foreign,amazon,credit,43,9,0
9917,9,offline,mobile,india,flipkart,debit,33,42,0
11361,6,online,mobile,foreign,flipkart,credit,52,16,0
517,16,offline,laptop,india,local_shop,credit,37,22,0
41676,13,offline,laptop,foreign,amazon,credit,63,6,0
20458,23,online,mobile,india,local_shop,debit,20,43,0
3367,2,offline,laptop,foreign,walmart,credit,18,6,0
17309,11,online,laptop,india,amazon,debit,64,43,0
24152,12,offline,laptop,foreign,amazon,credit,18,14,0
38613,1,offline,mobile,india,walmart,debit,34,33,0
26192,2,offline,mobile,india,walmart,credit,19,45,0
11438,4,online,laptop,india,local_shop,debit,46,44,0
512,10,offline,laptop,india,local_shop,debit,37,3,0
7643,7,offline,laptop,india,walmart,debit,23,13,0
40455,22,offline,laptop,india,local_shop,debit,25,13,0
33596,22,online,laptop,india,walmart,debit,46,15,0
23648,11,online,mobile,foreign,amazon,debit,65,6,1
27484,6,offline,laptop,foreign,amazon,credit,68,31,0
44525,14,online,mobile,foreign,flipkart,credit,50,18,1
38856,23,offline,laptop,foreign,amazon,debit,20,1,0
18988,16,offline,mobile,foreign,walmart,debit,52,9,0
35835,3,offline,laptop,india,local_shop,debit,22,49,0
47395,21,offline,mobile,india,flipkart,debit,44,16,0
48916,12,offline,laptop,india,local_shop,credit,61,36,0
17606,17,offline,mobile,india,walmart,debit,29,11,0
20563,0,offline,mobile,india,amazon,credit,37,5,0
18055,15,online,mobile,foreign,flipkart,credit,62,21,0
37941,12,online,mobile,foreign,walmart,debit,37,31,1
5204,9,online,mobile,foreign,flipkart,debit,26,40,0
35011,11,online,mobile,foreign,flipkart,credit,56,19,1
23290,1,online,laptop,india,amazon,credit,21,0,0
7457,22,online,mobile,india,walmart,debit,68,46,0
32579,2,online,laptop,india,local_shop,debit,36,5,0
44911,9,offline,laptop,foreign,flipkart,debit,55,18,0
36308,1,offline,laptop,india,flipkart,credit,44,17,0
20250,22,offline,laptop,foreign,local_shop,credit,62,5,0
5744,12,offline,laptop,india,walmart,debit,60,44,0
43386,12,online,mobile,india,flipkart,credit,30,32,0
47420,17,online,mobile,foreign,flipkart,credit,30,22,1
3014,2,offline,mobile,india,flipkart,debit,39,22,0
21452,6,offline,laptop,india,walmart,debit,45,25,0
46452,13,online,mobile,foreign,walmart,credit,69,12,1
45012,19,offline,mobile,india,local_shop,credit,64,6,0
14497,16,offline,mobile,foreign,walmart,debit,62,14,0
41655,20,offline,mobile,india,walmart,debit,39,43,0
47059,11,offline,mobile,india,amazon,debit,60,26,0
828,15,online,laptop,india,local_shop,debit,36,25,0
798,23,offline,mobile,india,flipkart,debit,25,32,0
40054,11,offline,laptop,india,walmart,credit,69,14,0
47380,14,online,laptop,india,flipkart,credit,25,35,0
14023,9,online,laptop,india,flipkart,credit,59,44,0
16879,6,offline,laptop,india,amazon,credit,43,26,0
7500,19,online,laptop,foreign,walmart,debit,65,4,0
24566,4,offline,mobile,foreign,local_shop,debit,68,1,0
37039,0,offline,mobile,india,walmart,debit,43,32,0
4460,16,online,mobile,india,flipkart,credit,40,15,0
35370,2,offline,laptop,foreign,local_shop,credit,60,22,0
17201,12,offline,mobile,india,walmart,credit,30,37,0
32407,13,offline,mobile,india,flipkart,debit,45,15,0
5586,23,offline,laptop,foreign,flipkart,credit,26,13,0
8435,17,online,laptop,india,amazon,debit,37,28,0
21464,3,online,laptop,india,amazon,debit,36,25,0
37359,17,offline,laptop,foreign,amazon,debit,65,34,0
23676,4,online,mobile,india,flipkart,debit,56,14,0
31767,15,offline,laptop,india,walmart,debit,68,2,0
11230,0,offline,laptop,foreign,amazon,debit,29,22,0
22072,20,offline,mobile,india,walmart,credit,32,28,0
40519,13,offline,mobile,foreign,amazon,debit,48,33,0
1267,14,offline,laptop,india,local_shop,debit,31,32,0
27292,8,online,mobile,india,local_shop,credit,28,40,0
1162,14,offline,laptop,foreign,amazon,debit,43,40,0
18640,16,online,laptop,foreign,flipkart,credit,59,22,0
24344,23,online,mobile,india,amazon,credit,44,6,0
21645,3,offline,mobile,foreign,amazon,credit,28,2,0
21789,11,offline,laptop,foreign,flipkart,debit,55,31,0
11274,4,offline,laptop,india,local_shop,debit,51,30,0
23025,4,offline,laptop,india,walmart,credit,60,17,0
37597,10,offline,mobile,india,amazon,debit,36,42,0
9448,5,online,laptop,foreign,flipkart,debit,23,6,0
23814,6,offline,laptop,foreign,amazon,credit,63,40,0
38202,23,offline,laptop,foreign,flipkart,credit,69,0,0
9024,13,online,laptop,foreign,walmart,debit,55,13,0
37198,23,online,laptop,india,walmart,credit,66,31,0
24494,10,offline,mobile,foreign,local_shop,credit,59,5,0
6901,12,online,laptop,india,flipkart,credit,45,38,0
37714,1,offline,laptop,foreign,flipkart,debit,18,9,0
6831,6,online,laptop,india,local_shop,debit,52,6,0
48236,19,online,laptop,india,local_shop,debit,57,25,0
23725,3,offline,mobile,india,flipkart,credit,25,33,0
17437,7,online,mobile,foreign,local_shop,debit,69,29,0
35407,19,online,mobile,india,walmart,credit,64,35,0
7156,21,online,laptop,india,amazon,debit,24,20,0
11616,20,online,laptop,foreign,walmart,debit,28,16,0
44361,18,online,mobile,india,local_shop,credit,56,32,0
1642,12,online,mobile,foreign,flipkart,debit,21,9,0
21777,13,offline,mobile,foreign,flipkart,credit,42,46,0
46832,9,offline,laptop,india,walmart,debit,29,41,0
39181,10,online,laptop,india,flipkart,debit,43,11,0
27669,1,offline,mobile,foreign,local_shop,credit,55,15,0
23422,8,offline,mobile,india,walmart,credit,63,40,0
19165,16,offline,mobile,foreign,flipkart,credit,29,31,0
18024,2,online,laptop,foreign,amazon,debit,60,14,0
22656,23,offline,laptop,foreign,amazon,debit,68,26,0
27062,5,online,laptop,india,local_shop,debit,54,27,0
28395,4,offline,mobile,foreign,flipkart,credit,63,16,0
13907,4,online,mobile,india,local_shop,credit,41,45,0
42448,21,online,laptop,india,walmart,credit,33,49,0
26532,14,offline,mobile,india,amazon,debit,30,1,0
17849,22,offline,laptop,india,walmart,debit,42,35,0
41559,16,online,mobile,foreign,flipkart,credit,69,49,1
26356,8,offline,mobile,india,local_shop,debit,21,6,0
40362,2,offline,mobile,foreign,local_shop,credit,28,12,0
37180,19,offline,mobile,foreign,local_shop,debit,49,14,0
1424,16,online,laptop,india,walmart,debit,66,24,0
25831,9,online,mobile,foreign,amazon,credit,24,22,1
36009,2,offline,laptop,foreign,walmart,debit,63,21,0
23903,17,offline,laptop,india,walmart,debit,28,25,0
19970,17,offline,laptop,foreign,flipkart,credit,45,32,0
34678,16,online,mobile,foreign,flipkart,credit,58,10,1
6688,23,online,laptop,foreign,flipkart,debit,40,9,0
38169,2,offline,laptop,foreign,amazon,credit,62,24,0
26890,2,offline,laptop,india,amazon,debit,40,36,0
25389,5,offline,mobile,foreign,flipkart,credit,67,47,0
28278,12,offline,mobile,foreign,flipkart,debit,45,42,0
28810,23,offline,laptop,foreign,amazon,debit,60,37,0
15585,14,offline,mobile,foreign,local_shop,credit,64,40,0
44582,8,online,laptop,india,amazon,debit,43,44,0
20752,3,offline,laptop,foreign,amazon,debit,42,23,0
4848,13,online,mobile,india,amazon,credit,46,39,0
21333,4,offline,laptop,foreign,flipkart,credit,36,45,0
9535,1,offline,mobile,india,local_shop,debit,50,32,0
3809,10,online,mobile,india,amazon,credit,53,16,0
30455,8,online,laptop,india,flipkart,credit,31,23,0
13216,23,online,mobile,india,walmart,debit,31,36,0
25570,2,online,mobile,india,walmart,debit,52,1,0
42444,8,offline,laptop,foreign,amazon,credit,47,31,0
43018,2,online,laptop,foreign,walmart,credit,45,23,1
39398,1,offline,mobile,foreign,local_shop,credit,34,8,0
43056,11,online,mobile,india,walmart,debit,20,3,0
14783,9,offline,laptop,foreign,walmart,debit,33,16,0
604,8,offline,mobile,india,local_shop,debit,63,16,0
34082,14,offline,mobile,india,amazon,debit,47,49,0
34399,7,offline,mobile,foreign,amazon,debit,69,47,0
28116,4,offline,mobile,foreign,local_shop,debit,46,29,0
24060,10,offline,mobile,india,local_shop,debit,62,39,0
33691,1,online,mobile,india,local_shop,credit,32,10,0
17412,23,offline,mobile,foreign,walmart,credit,63,20,0
37897,14,online,laptop,foreign,local_shop,debit,42,20,1
46296,5,online,laptop,foreign,flipkart,debit,68,17,1
49385,7,offline,laptop,foreign,walmart,debit,55,28,0
2205,4,online,laptop,india,amazon,credit,59,23,0
36495,15,offline,laptop,foreign,amazon,debit,64,9,0
45840,17,online,mobile,foreign,amazon,credit,69,44,1
22800,5,offline,mobile,foreign,walmart,credit,55,16,0
34720,4,online,mobile,india,flipkart,credit,40,17,0
37778,15,offline,mobile,india,local_shop,credit,42,41,0
20659,12,offline,laptop,india,local_shop,credit,59,47,0
27609,4,offline,mobile,india,amazon,debit,24,19,0
27960,12,offline,mobile,foreign,amazon,debit,39,36,0
11103,16,online,laptop,india,walmart,credit,34,44,0
21832,17,offline,mobile,foreign,flipkart,debit,35,17,0
25926,7,online,mobile,foreign,local_shop,credit,66,16,1
30454,12,online,laptop,foreign,walmart,credit,58,8,1
13943,18,online,mobile,foreign,local_shop,debit,27,13,0
44572,2,offline,mobile,india,amazon,debit,27,48,0
48629,23,online,mobile,india,local_shop,debit,24,28,0
6290,7,online,mobile,india,flipkart,debit,65,30,0
17740,1,online,mobile,foreign,flipkart,debit,67,3,0
38513,7,offline,laptop,foreign,amazon,credit,55,17,0
42456,12,offline,laptop,foreign,flipkart,debit,44,19,0
44697,12,online,laptop,foreign,flipkart,debit,69,46,1
40921,0,offline,laptop,foreign,walmart,debit,50,42,0
3430,5,offline,laptop,india,local_shop,credit,18,43,0
19187,23,online,laptop,foreign,amazon,debit,61,8,0
41530,18,online,mobile,india,amazon,credit,51,12,0
24604,15,offline,laptop,foreign,amazon,debit,21,14,0
7214,7,online,laptop,foreign,amazon,debit,34,26,0
13423,0,offline,mobile,india,amazon,credit,21,14,0
34221,15,offline,mobile,india,flipkart,debit,60,27,0
11075,8,offline,laptop,foreign,walmart,debit,43,36,0
11123,12,offline,mobile,foreign,amazon,credit,21,18,0
21547,10,offline,laptop,foreign,walmart,debit,18,25,0
25033,12,offline,mobile,foreign,walmart,credit,24,25,0
24059,20,online,laptop,india,flipkart,credit,47,24,0
767,9,online,mobile,foreign,amazon,credit,67,25,0
29803,3,offline,mobile,india,flipkart,credit,26,25,0
9437,5,offline,laptop,foreign,amazon,credit,52,45,0
46527,6,offline,laptop,india,flipkart,debit,25,27,0
36587,4,online,laptop,india,walmart,debit,41,48,0
19229,10,offline,laptop,foreign,amazon,debit,36,17,0
40351,12,online,laptop,india,local_shop,credit,53,31,0
32021,18,offline,mobile,foreign,walmart,credit,67,2,0
33407,22,offline,laptop,india,local_shop,credit,69,1,0
27455,9,online,laptop,foreign,walmart,credit,60,32,1
37832,9,online,mobile,india,flipkart,debit,44,41,0
4935,10,offline,mobile,foreign,amazon,debit,49,18,0
20259,20,offline,laptop,foreign,walmart,credit,31,16,0
38910,6,offline,mobile,india,flipkart,credit,35,43,0
47705,17,online,mobile,india,amazon,debit,45,32,0
40180,3,online,laptop,india,amazon,credit,46,11,0
38188,1,online,mobile,india,walmart,credit,33,48,0
13316,13,online,mobile,foreign,amazon,credit,52,2,0
35647,12,online,laptop,india,walmart,debit,64,42,0
31571,11,online,laptop,foreign,amazon,debit,48,48,1
17408,6,offline,mobile,india,local_shop,credit,21,25,0
27632,1,offline,mobile,foreign,flipkart,debit,54,34,0
34449,12,online,laptop,foreign,local_shop,credit,34,7,1
45545,13,offline,mobile,foreign,walmart,credit,56,35,0
5813,16,offline,mobile,foreign,local_shop,debit,65,6,0
49507,8,online,mobile,india,walmart,credit,63,45,0
4904,16,offline,laptop,india,amazon,credit,43,45,0
10236,7,online,mobile,foreign,amazon,debit,65,35,0
109,1,online,mobile,india,walmart,credit,56,15,0
19355,23,offline,laptop,india,local_shop,credit,58,23,0
23893,12,online,mobile,foreign,amazon,credit,21,0,1
29648,2,online,mobile,india,flipkart,debit,47,48,0
37992,15,online,laptop,india,amazon,credit,47,24,0
1115,5,online,laptop,india,flipkart,debit,39,9,0
27812,18,online,laptop,foreign,local_shop,credit,28,15,1
35061,6,online,laptop,india,flipkart,credit,19,15,0
8515,9,online,mobile,foreign,flipkart,credit,61,7,0
46418,8,online,mobile,india,flipkart,credit,29,28,0
47380,1,offline,laptop,india,flipkart,debit,47,38,0
23933,14,offline,laptop,india,amazon,debit,53,27,0
4258,4,offline,mobile,foreign,flipkart,credit,35,5,0
20409,21,online,laptop,foreign,amazon,credit,43,15,1
7070,3,online,mobile,india,flipkart,credit,24,19,0
7038,19,offline,laptop,foreign,walmart,credit,18,15,0
21268,3,offline,mobile,india,local_shop,credit,43,6,0
46640,17,offline,laptop,foreign,flipkart,credit,40,40,0
20484,3,online,laptop,foreign,walmart,credit,43,13,1
18117,16,offline,mobile,india,flipkart,credit,62,42,0
10444,11,offline,laptop,india,flipkart,debit,23,25,0
40134,21,online,mobile,india,flipkart,debit,23,25,0
8802,16,offline,mobile,india,walmart,debit,61,13,0
484,9,online,mobile,foreign,local_shop,credit,25,6,0
504,21,online,mobile,foreign,walmart,credit,41,32,0
41043,0,online,mobile,foreign,local_shop,credit,39,25,1
48026,21,offline,laptop,india,flipkart,debit,36,44,0
29289,23,offline,laptop,india,amazon,credit,54,19,0
12863,17,online,mobile,foreign,flipkart,debit,35,2,0
18484,17,offline,laptop,india,local_shop,credit,48,3,0
32706,13,offline,mobile,foreign,walmart,debit,54,25,0
9960,14,offline,laptop,foreign,flipkart,debit,47,10,0
38857,11,offline,laptop,foreign,walmart,debit,59,1,0
15206,3,online,laptop,foreign,walmart,credit,50,13,0
23674,2,offline,laptop,foreign,walmart,debit,27,43,0
23624,19,online,mobile,india,flipkart,credit,54,29,0
3736,11,online,mobile,india,walmart,credit,29,48,0
11016,6,offline,laptop,india,walmart,credit,47,11,0
4909,10,online,laptop,foreign,flipkart,credit,44,25,0
32301,0,offline,mobile,foreign,walmart,credit,56,43,0
13556,5,offline,laptop,foreign,flipkart,debit,26,32,0
48312,14,online,mobile,foreign,local_shop,credit,38,12,1
38865,14,online,mobile,india,local_shop,credit,29,13,0
34916,18,online,mobile,india,local_shop,credit,46,23,0
45206,10,online,laptop,foreign,walmart,credit,50,33,1
17200,22,offline,mobile,foreign,amazon,credit,60,43,0
22049,1,offline,laptop,foreign,amazon,debit,32,25,0
4644,13,offline,mobile,india,walmart,debit,19,20,0
37844,1,online,laptop,india,amazon,credit,69,27,0
45643,3,online,laptop,india,flipkart,debit,56,47,0
42883,16,online,laptop,foreign,amazon,debit,61,35,1
26757,2,offline,mobile,foreign,walmart,credit,35,39,0
36287,12,online,mobile,india,walmart,debit,20,1,0
47298,8,offline,laptop,foreign,flipkart,credit,24,41,0
7339,6,online,laptop,india,local_shop,debit,60,8,0
14589,14,offline,laptop,foreign,walmart,debit,35,22,0
49501,22,offline,mobile,india,flipkart,debit,61,14,0
43225,10,online,mobile,foreign,amazon,credit,55,12,1
28638,19,online,mobile,india,amazon,debit,54,22,0
32149,1,offline,mobile,india,flipkart,debit,50,16,0
37231,14,offline,laptop,india,flipkart,credit,61,47,0
43044,13,online,laptop,india,walmart,credit,48,1,0
8527,19,online,mobile,india,amazon,debit,28,19,0
41448,21,offline,mobile,india,flipkart,credit,21,19,0
24385,10,online,laptop,foreign,amazon,debit,35,45,1
37726,2,offline,mobile,foreign,flipkart,debit,21,2,0
42908,16,offline,mobile,foreign,amazon,credit,66,11,0
23028,11,online,mobile,india,local_shop,credit,51,39,0
19298,23,online,mobile,india,walmart,credit,46,1,0
19858,20,online,mobile,foreign,amazon,debit,41,35,0
15354,14,online,mobile,india,local_shop,credit,39,13,0
44338,15,online,laptop,india,amazon,debit,19,15,0
1352,4,offline,mobile,india,amazon,credit,61,18,0
39864,19,offline,mobile,india,local_shop,debit,23,33,0
12273,5,online,laptop,india,amazon,credit,59,43,0
37541,18,online,laptop,foreign,amazon,debit,42,45,1
26798,4,online,laptop,foreign,walmart,credit,38,5,1
15881,2,offline,mobile,foreign,local_shop,debit,33,12,0
13151,0,online,laptop,foreign,local_shop,credit,48,35,0
39749,5,online,mobile,foreign,flipkart,credit,31,21,1
7049,14,offline,mobile,india,amazon,debit,56,17,0
42389,1,offline,mobile,india,walmart,credit,45,11,0
8117,2,online,laptop,india,amazon,debit,49,29,0
7041,16,online,laptop,india,amazon,debit,45,39,0
26034,23,online,laptop,foreign,flipkart,credit,68,6,1
23486,11,offline,laptop,foreign,amazon,debit,66,31,0
10309,17,online,laptop,foreign,walmart,credit,26,47,0
17815,14,online,mobile,india,walmart,credit,62,18,0
29020,11,online,mobile,foreign,flipkart,debit,39,5,1
31803,15,offline,mobile,india,amazon,credit,49,19,0
42418,7,offline,mobile,foreign,walmart,debit,22,26,0
4737,13,online,laptop,foreign,amazon,debit,40,42,0
4954,16,online,laptop,india,amazon,credit,22,36,0
43188,20,offline,mobile,india,amazon,credit,59,47,0
37760,7,offline,laptop,foreign,flipkart,debit,49,6,0
39911,14,offline,laptop,foreign,amazon,debit,27,4,0
49389,13,offline,mobile,india,walmart,credit,56,10,0
19956,17,offline,mobile,foreign,amazon,credit,32,14,0
21933,19,offline,laptop,foreign,walmart,credit,24,2,0
20063,6,offline,laptop,india,amazon,credit,46,4,0
37032,2,offline,mobile,foreign,walmart,debit,64,22,0
27269,11,offline,mobile,india,walmart,credit,20,36,0
8041,20,online,mobile,foreign,amazon,debit,36,8,0
14488,23,online,laptop,india,amazon,debit,27,14,0
5669,2,online,mobile,foreign,walmart,credit,45,2,0
4400,19,offline,mobile,india,local_shop,debit,46,28,0
39137,13,online,laptop,foreign,flipkart,credit,32,5,1
36686,14,offline,laptop,india,local_shop,debit,52,16,0
12115,13,offline,laptop,foreign,local_shop,credit,23,25,0
45102,6,online,laptop,foreign,amazon,debit,29,20,1
6354,16,offline,laptop,foreign,flipkart,debit,64,7,0
17244,11,online,mobile,foreign,local_shop,credit,55,20,0
24314,19,online,mobile,foreign,amazon,credit,30,10,1
40218,3,online,laptop,foreign,local_shop,debit,46,37,1
15283,8,offline,laptop,foreign,local_shop,debit,36,7,0
6338,5,online,laptop,foreign,amazon,credit,20,41,0
6190,15,offline,laptop,foreign,amazon,debit,25,23,0
11737,21,online,laptop,india,amazon,credit,25,34,0
22515,21,online,mobile,india,flipkart,debit,37,13,0
24171,20,online,mobile,foreign,local_shop,credit,64,13,1
45515,20,offline,mobile,india,amazon,debit,21,9,0
42779,1,offline,mobile,foreign,walmart,credit,68,11,0
41340,23,offline,laptop,foreign,local_shop,credit,38,37,0
18371,7,online,mobile,india,walmart,debit,20,43,0
36134,10,online,laptop,foreign,flipkart,credit,62,45,1
33534,12,offline,laptop,foreign,amazon,debit,25,33,0
4288,16,offline,laptop,india,walmart,credit,40,40,0
49923,7,offline,mobile,india,flipkart,credit,33,9,0
10261,20,offline,laptop,foreign,amazon,credit,30,16,0
28832,17,offline,mobile,india,walmart,debit,20,16,0
11414,17,offline,mobile,india,walmart,credit,65,2,0
24054,13,online,laptop,foreign,flipkart,debit,26,30,1
21608,14,offline,laptop,india,amazon,credit,31,0,0
22069,5,online,laptop,india,amazon,debit,30,11,0
45759,10,online,mobile,foreign,walmart,debit,24,38,1
37645,12,offline,laptop,india,walmart,debit,32,3,0
36768,0,offline,mobile,india,walmart,credit,24,41,0
23161,5,online,laptop,foreign,amazon,debit,55,12,1
13816,8,offline,laptop,foreign,flipkart,credit,51,33,0
39849,7,offline,mobile,foreign,flipkart,debit,58,41,0
39244,10,online,mobile,india,amazon,debit,39,20,0
17007,21,online,mobile,foreign,local_shop,debit,41,21,0
18877,18,online,mobile,foreign,flipkart,debit,66,3,0
27793,23,offline,mobile,india,walmart,credit,54,17,0
43028,8,online,mobile,foreign,local_shop,debit,61,4,1
26429,16,offline,laptop,foreign,local_shop,debit,18,18,0
46992,11,online,laptop,foreign,flipkart,credit,27,1,1
16382,13,online,mobile,foreign,local_shop,debit,60,11,0
23724,14,online,laptop,india,local_shop,debit,33,16,0
23421,15,offline,mobile,foreign,flipkart,debit,63,9,0
10588,21,offline,laptop,foreign,flipkart,debit,25,33,0
22674,21,online,laptop,india,local_shop,credit,66,5,0
5340,19,online,mobile,foreign,walmart,credit,42,7,0
43321,0,online,mobile,india,amazon,debit,67,10,0
10578,9,offline,mobile,india,local_shop,credit,29,11,0
45262,7,online,laptop,india,local_shop,credit,42,8,0
19362,17,offline,mobile,foreign,walmart,debit,34,1,0
4532,0,online,laptop,india,local_shop,credit,43,7,0
29821,1,online,mobile,india,local_shop,debit,63,10,0
13668,0,online,laptop,india,amazon,credit,65,35,0
14278,0,online,laptop,foreign,amazon,credit,31,9,0
22295,8,online,mobile,foreign,amazon,credit,58,20,1
402,12,online,laptop,foreign,flipkart,debit,53,19,0
17122,0,offline,laptop,foreign,flipkart,credit,40,47,0
155,12,online,mobile,foreign,amazon,debit,60,7,0
45881,19,offline,laptop,foreign,amazon,debit,23,35,0
8817,21,online,mobile,foreign,flipkart,credit,64,28,0
28799,6,online,mobile,india,walmart,debit,22,41,0
8250,1,offline,mobile,india,local_shop,credit,60,11,0
2225,5,online,mobile,india,local_shop,debit,42,13,0
44347,6,offline,laptop,india,amazon,debit,35,47,0
48613,13,offline,laptop,foreign,walmart,credit,30,49,0
16848,17,online,laptop,india,flipkart,credit,60,20,0
39677,14,offline,mobile,india,amazon,credit,31,21,0
4721,1,offline,laptop,india,walmart,credit,45,20,0
15134,9,online,laptop,india,walmart,debit,35,43,0
46491,22,offline,mobile,foreign,walmart,debit,45,49,0
5226,11,online,mobile,foreign,flipkart,debit,68,29,0
5222,16,online,laptop,foreign,flipkart,credit,44,38,0
18130,7,online,mobile,india,local_shop,debit,49,19,0
17402,10,online,mobile,foreign,local_shop,credit,64,23,0
19281,2,offline,mobile,india,walmart,debit,26,22,0
38738,5,online,mobile,foreign,walmart,credit,57,6,1
1631,8,online,laptop,foreign,flipkart,debit,49,8,0
41040,5,offline,mobile,foreign,local_shop,debit,37,0,0
40541,8,online,mobile,foreign,walmart,credit,45,25,1
23433,6,online,mobile,foreign,local_shop,debit,50,37,1
39750,8,offline,mobile,india,local_shop,credit,21,37,0
34774,17,offline,mobile,foreign,walmart,debit,63,43,0
35954,11,offline,mobile,india,flipkart,debit,51,21,0
46371,7,offline,mobile,india,walmart,credit,65,43,0
8252,7,offline,mobile,india,walmart,credit,20,9,0
38618,17,offline,laptop,india,local_shop,debit,43,5,0
45640,19,offline,mobile,india,walmart,debit,25,16,0
10367,14,online,laptop,foreign,flipkart,debit,23,49,0
25389,6,offline,mobile,foreign,walmart,debit,33,37,0
1162,10,offline,mobile,foreign,flipkart,debit,41,23,0
30026,19,offline,mobile,foreign,flipkart,debit,65,9,0
6329,15,online,mobile,india,local_shop,credit,56,7,0
49377,3,online,laptop,foreign,amazon,credit,47,20,1
48015,5,offline,mobile,foreign,amazon,credit,62,5,0
4732,21,offline,mobile,india,local_shop,debit,30,20,0
39156,2,offline,laptop,india,walmart,debit,22,38,0
3696,8,online,laptop,foreign,local_shop,debit,42,23,0
44343,9,online,mobile,foreign,flipkart,credit,37,32,1
6268,13,offline,laptop,india,amazon,credit,35,17,0
42663,10,online,laptop,foreign,local_shop,debit,64,27,1
7661,17,offline,laptop,foreign,walmart,debit,35,31,0
8358,21,online,mobile,foreign,local_shop,credit,19,11,0
16716,11,online,mobile,foreign,amazon,credit,27,47,0
26834,22,offline,mobile,india,local_shop,credit,62,41,0
6471,11,offline,laptop,india,local_shop,debit,67,26,0
26169,12,offline,mobile,india,amazon,debit,64,9,0
14469,12,offline,laptop,foreign,flipkart,debit,29,45,0
13010,18,online,mobile,foreign,flipkart,credit,64,41,0
8043,18,online,mobile,foreign,amazon,credit,30,31,0
12299,22,online,laptop,foreign,local_shop,debit,67,41,0
15828,13,offline,mobile,foreign,amazon,debit,64,25,0
23375,3,online,laptop,india,flipkart,credit,28,24,0
6838,12,offline,laptop,foreign,walmart,debit,36,10,0
16013,7,online,mobile,foreign,local_shop,credit,52,22,0
35340,22,offline,laptop,india,flipkart,credit,56,33,0
